{"cameraMode":{"drawMode":0,"name":"Shaded","section":"Shading Mode"},"sceneLighting":true,"audioPlay":false,"sceneViewState":{"m_AlwaysRefresh":false,"showFog":true,"showSkybox":true,"showFlares":true,"showImageEffects":true,"showParticleSystems":true,"showVisualEffectGraphs":true,"m_FxEnabled":true},"in2DMode":false,"pivot":{"x":-339.76678466796877,"y":222.63629150390626,"z":-140.94232177734376},"rotation":{"x":0.005604700185358524,"y":-0.9981098175048828,"z":0.044396109879016879,"w":0.051512278616428378},"size":545.6334228515625,"orthographic":true}