{"cameraMode":{"drawMode":0,"name":"Shaded","section":"Shading Mode"},"sceneLighting":true,"audioPlay":false,"sceneViewState":{"m_AlwaysRefresh":false,"showFog":true,"showSkybox":true,"showFlares":true,"showImageEffects":true,"showParticleSystems":true,"showVisualEffectGraphs":true,"m_FxEnabled":true},"in2DMode":false,"pivot":{"x":116.68531799316406,"y":28.727598190307618,"z":11.63760757446289},"rotation":{"x":-0.14633958041667939,"y":-0.5701385140419006,"z":0.10372787714004517,"w":-0.8019844889640808},"size":28.227388381958009,"orthographic":false}