{"cameraMode":{"drawMode":0,"name":"Shaded","section":"Shading Mode"},"sceneLighting":true,"audioPlay":false,"sceneViewState":{"m_AlwaysRefresh":false,"showFog":true,"showSkybox":true,"showFlares":true,"showImageEffects":true,"showParticleSystems":true,"showVisualEffectGraphs":true,"m_FxEnabled":true},"in2DMode":false,"pivot":{"x":100.71176147460938,"y":37.160091400146487,"z":-46.458839416503909},"rotation":{"x":-0.0568450428545475,"y":-0.2529114782810211,"z":0.014959185384213925,"w":-0.965770959854126},"size":22.302480697631837,"orthographic":false}