{"cameraMode":{"drawMode":0,"name":"Shaded","section":"Shading Mode"},"sceneLighting":true,"audioPlay":false,"sceneViewState":{"m_AlwaysRefresh":false,"showFog":true,"showSkybox":true,"showFlares":true,"showImageEffects":true,"showParticleSystems":true,"showVisualEffectGraphs":true,"m_FxEnabled":true},"in2DMode":false,"pivot":{"x":85.37701416015625,"y":27.133956909179689,"z":-72.75394439697266},"rotation":{"x":0.020153632387518884,"y":0.9724035859107971,"z":-0.21488188207149507,"w":0.09033115953207016},"size":40.0239372253418,"orthographic":false}