{"cameraMode":{"drawMode":0,"name":"Shaded","section":"Shading Mode"},"sceneLighting":true,"audioPlay":false,"sceneViewState":{"m_AlwaysRefresh":false,"showFog":true,"showSkybox":true,"showFlares":true,"showImageEffects":true,"showParticleSystems":true,"showVisualEffectGraphs":true,"m_FxEnabled":true},"in2DMode":false,"pivot":{"x":104.98406219482422,"y":54.982933044433597,"z":36.14569854736328},"rotation":{"x":-0.13365624845027924,"y":-0.30796781182289126,"z":0.043502841144800189,"w":-0.9411228895187378},"size":32.67074203491211,"orthographic":false}