{"cameraMode":{"drawMode":0,"name":"Shaded","section":"Shading Mode"},"sceneLighting":true,"audioPlay":false,"sceneViewState":{"m_AlwaysRefresh":false,"showFog":true,"showSkybox":true,"showFlares":true,"showImageEffects":true,"showParticleSystems":true,"showVisualEffectGraphs":true,"m_FxEnabled":true},"in2DMode":false,"pivot":{"x":82.11224365234375,"y":39.29737854003906,"z":-36.673133850097659},"rotation":{"x":0.011993644759058953,"y":0.03964889794588089,"z":-0.0004609379393514246,"w":0.9992504119873047},"size":11.929741859436036,"orthographic":false}